id,ch_dist,ch_nx_dist,hk_dist,nn_dist
1,526.0754272802039,526.0754272802039,344.2865907500594,1452.5602537711004
2,593.6295417994651,630.9345250905862,400.3448632243644,1652.2414500046532
3,416.02929985043977,416.02929985043977,303.29056369281875,973.2046839490899
4,499.0845215835704,499.0845215835704,292.18082748395983,924.6053209267066
5,580.722510879357,521.8818352652451,305.41478445490634,1707.1347106241844
6,402.40152661651774,402.40152661651774,323.3762133190181,1645.270680779902
7,601.148819984514,541.9397866987719,353.05342630486075,1266.6312458042134
8,538.1041029805384,407.177927011645,340.45540018197437,1002.2584189286712
9,509.17388534217923,402.3827553930486,347.5098424050522,1756.669710486195
10,615.7332676236317,590.5345309857022,372.26603276174455,1143.1897266822145
11,647.9305248674874,594.5510540067204,381.5412144988335,1856.9321062393092
12,556.253712785073,537.2163207758477,306.1889121666406,1421.0161130143779
13,487.57988201516036,446.44928374832546,399.13926616750786,1237.7817414571857
14,559.4308738636017,517.5655063417203,370.38816255984267,2074.9106896260487
15,421.8706884595586,416.4466325665624,325.14896248634903,1281.3775983559244
16,604.0075972591046,601.8410181319704,405.2453003370959,1152.257986151366
17,554.2624064677956,497.98085062938026,339.4536782314251,1807.3076368515808
18,646.374480059511,623.1349160163409,370.7167666319168,1500.7977610667594
19,512.5905316441417,512.5905316441417,357.13750863195685,1448.8959564928698
20,331.1522756144201,322.52861852158105,248.07783070224593,835.281384274319
21,502.41914020840886,530.8657769328934,346.4985511273564,1168.8003317476296
22,596.6310728490347,464.93519682138475,348.2954365417987,1464.3717846770242
23,541.0102054629598,541.0102054629598,338.5073415294659,1266.3942783361347
24,469.41149574057715,408.16760011001736,294.27210137958326,1419.5439725494853
25,528.1896227923623,528.1896227923623,350.14636015320025,1668.4799466118222
26,541.8434122717536,508.95292419214996,278.32461032690577,1299.2580136403624
27,517.8884024403043,494.91635160235086,341.04729802849516,1035.3280140384932
28,466.960692167337,539.0836696259979,342.5238406843289,1201.2539092886466
29,432.1136952283496,432.1136952283496,329.71090974172046,980.2326824294685
30,629.8818748226653,498.7192213109359,338.98901813398925,1441.1347353660822
31,465.49837928667563,494.2419557883915,332.51038348437737,1286.458179270146
32,441.58786989689145,441.58786989689145,317.037402768841,1532.3563984491507
33,633.6585854398525,586.5088993272295,353.9594662801804,1546.1962800576816
34,578.8171890118714,578.8171890118714,328.04213180299115,1632.650612190204
35,505.83147659569204,505.83147659569204,318.2488974507149,1301.495925430774
36,468.18464819964186,412.3341958255693,308.85563976735966,1174.9268592734234
37,604.1977574625721,608.3086694775019,368.68255517607565,1394.5451370861197
38,386.0774188094218,466.1183691322078,300.32346580540917,969.4981149423659
39,416.1723822437504,416.1723822437504,291.939665039464,1188.5671828253107
40,462.02889766810904,462.02889766810904,310.05089518402514,1652.8661854725399
41,524.1511842504108,524.1511842504108,279.9551005408009,1321.5031760657748
42,526.8548308256968,500.4829534505659,316.9116090457814,1334.8743064565208
43,338.909577559529,440.646732357617,287.77164256898135,1529.8201652757466
44,614.6325267917078,614.6325267917078,394.93356863710403,2005.710535753385
45,609.1091163407857,622.4378813274101,365.23647808161553,1366.850776921434
46,557.0552591895381,586.4007055253979,363.37058864028967,2137.094162375596
47,340.2498240538423,296.3366550788811,268.23186919075937,1292.464409894381
48,607.6625426651501,607.6625426651501,395.30656538395385,1709.2346269324134
49,522.721264335488,498.6426588364223,305.35512128982174,1427.0149783814818
50,580.7373385677272,580.7373385677272,377.4277438988519,1097.9561597151223
51,648.9695496110992,621.5574995883552,337.0679179179782,1331.2476021383852
52,517.3573915287341,417.36068706722796,295.169210017604,862.2282079127758
53,607.4284832284834,607.4284832284834,348.42059234543876,1435.040185779152
54,457.1337327035904,457.1337327035904,305.7702226329727,1171.1556309321527
55,517.2763667539531,492.57367140976294,324.1755704738193,1260.533602291639
56,506.67294504290777,512.882236895908,351.25916573478577,1105.9834096969405
57,597.215008294229,597.215008294229,392.98611519403113,1710.6255674568763
58,648.3344540082318,649.7245236662305,362.61227058011104,1532.9615594018944
59,530.2008196767993,497.4313443331199,379.5206308497892,2103.2441890071295
60,486.5160318986632,486.5160318986632,323.8381322888952,1741.3291205456467
61,574.7062261169385,604.7061255678296,400.3950616377407,1604.2824214198488
62,330.31798414762613,330.31798414762613,260.1557694251632,1061.1307586381622
63,390.42293450480787,404.37139754195204,279.2349244767824,1097.3539891869898
64,468.19008005961723,397.5903893579042,301.10124885622395,1479.0153992922042
65,506.47987857026646,506.47987857026646,356.3893639295692,1416.8650138850962
66,621.9115602456377,502.6964279922366,318.85832166851435,1240.452544844799
67,397.3335518932871,403.5168372263131,308.03075352105,1366.264673664394
68,563.2132855354794,563.2132855354794,342.6864419036831,1052.3920212564085
69,596.4199212814825,596.4199212814825,342.20398725081884,1507.2842288814763
70,459.7965612466714,386.3968972826879,273.8544872451479,853.2416683592497
71,513.2556461377415,492.39306509771905,370.6532813452601,1502.7744416891026
72,622.4858230462303,547.8567574690971,341.2836897437907,1804.9874350813789
73,631.3468407407854,631.3468407407854,386.9848551040145,1508.7670671161954
74,548.4431237187299,455.19435634558863,363.8988458360741,1355.087314557611
75,378.63334826673946,378.63334826673946,311.2435351764769,1087.8705236889812
76,585.3242969514096,500.03571631641495,309.10543561542426,1704.673787248827
77,439.4329867870388,426.2027321831097,314.5734905161203,924.5007065183815
78,499.68194138282774,499.68194138282774,330.42888061670624,1380.6350558957993
79,454.6112707179657,446.07318515022996,312.26027130847405,1029.658500687252
80,650.8846518098254,518.8315555111235,353.61807542116685,1270.6290162742778
81,541.782705400852,455.2835552979837,332.18605015293247,1094.5494390449483
82,493.37736593958044,493.37736593958044,360.10596797225713,1776.326258158394
83,546.6501195663639,484.54219925646277,312.4345915696273,1194.0144793499692
84,441.2140757629342,441.2140757629342,330.4211798580671,1471.6486371947387
85,480.504471201477,436.74478518840994,337.9646717003595,1687.741407255593
86,541.0060695977656,581.3371729918249,315.9304416215016,1742.8785242058975
87,504.8607596208522,509.2326337261908,340.62758498062306,1520.69610263086
88,557.6280414503159,450.00077371854604,345.91062123447784,1923.0079361832236
89,442.25043934050353,346.18180104293094,266.7983113455257,1144.414150658788
90,428.5367594192809,428.5367594192809,335.98266019387296,1666.9158883975754
91,525.0182883127255,576.5052541416388,331.96049218535416,1254.325729837612
92,557.3342964137693,503.50097503335195,363.5869354387121,1158.5596878283798
93,519.5535284871169,520.7624761320445,363.17322718639605,1284.1090961079642
94,544.6004136836209,544.6004136836209,341.6921780459577,1202.6462186462375
95,580.7539740893211,524.0989183266834,332.4951632916728,1357.5819874395045
96,516.5843115857153,516.5843115857153,365.34133017615795,1773.1448640843532
97,382.07789782194396,382.07789782194396,309.0370171103357,1377.6315355329502
98,628.9839708724718,564.7501941289787,322.649584945331,1519.6849102025512
99,420.59755474012115,420.59755474012115,331.92353273076446,932.3944571141808
100,579.0181293670098,579.0181293670098,357.5476485434691,1856.666632761073
101,536.7059839606172,451.2863858196621,363.36320418587076,949.9298843530398
102,517.1858801261554,517.1858801261554,367.04357298457523,1481.8173571759912
103,630.2276028000402,576.8430172411458,363.72074006644397,1132.1626575919872
104,499.4989308690091,499.4989308690091,321.8930319876847,2057.7270763215033
105,653.9856479349637,648.6311568059483,396.99412250930106,1167.7920083879014
106,544.0915718403346,406.43604982928895,395.40930749397955,988.1567993325959
107,627.7362027668707,627.7362027668707,384.7565833617273,1595.9179805208842
108,528.3785535962145,528.3785535962145,312.27919831338824,1182.3662366954857
109,496.7603850303896,452.36413377292524,333.3395532104528,1439.0416742218104
110,554.6171380459602,554.6171380459602,337.1295992985334,1954.9947250180535
111,493.8934770128927,489.298812387055,333.5361815228404,1587.0723717619735
112,392.04925527598573,383.71459700096494,272.74208947722843,958.3624753149027
113,537.9044075304777,455.5633219558363,325.65908944241966,1472.4636889075614
114,610.5071282080497,610.5071282080497,351.9312953802626,1130.5646474149503
115,582.3490805469905,582.3490805469905,313.9810885831532,1609.1001483019768
116,549.1258963758321,549.1258963758321,335.65347848122747,1149.5204549777206
117,568.0642636538673,575.5953958192347,369.1684094318404,1261.5532937578719
118,506.36437970939716,506.36437970939716,388.5271173879276,1162.221474492726
119,657.2259679340971,597.7284475044958,384.8880002130453,1268.8032158947626
120,694.6303876452682,604.8596713311765,364.0714647796585,1590.5557299137874
121,504.30540442202647,504.0617107648579,337.8791081973718,1235.8839431207082
122,546.5998775841183,546.5998775841183,363.60808029809084,1298.5248478579108
123,377.1546076045012,379.1170169994548,274.2156027184056,901.3470198613655
124,405.66584031277586,405.66584031277586,295.48666198504276,1059.7807389781624
125,454.970489043029,454.970489043029,318.99603088252195,1198.0169450365788
126,605.9718949495393,457.9708351522611,333.2819014001368,2147.831058551984
127,617.4288689634976,603.653773195726,357.52274516718626,1681.8766238647706
128,656.072209356519,574.0463906441114,397.75058885708444,1121.8079694329533
129,522.6554910644128,462.9395595061896,360.4789613212352,1568.6494416672194
130,634.6265066699924,634.6265066699924,389.0416844548135,1325.8287089611642
131,444.8477429975129,481.67052876884924,352.955005568508,1172.996420543904
132,384.0650013675861,384.0650013675861,306.2715691621299,1939.773942762268
133,464.86401926881194,502.8758324366999,324.3290729174816,1352.8296445141518
134,633.8287174831153,633.8287174831153,393.64164236451757,1684.5800428214607
135,563.7809450474076,490.733677215253,309.35501089767246,1395.841472893964
136,473.68340120383266,467.1255882303842,359.6450759764479,1370.7396985157154
137,564.6071462420646,410.30457796568027,310.11355350156583,1381.9550580732407
138,504.0713538841686,504.0713538841686,316.67981013158567,1506.4650629282635
139,475.61042136613906,475.61042136613906,324.28192308553906,1354.3713854413493
140,582.2662026080726,582.2662026080726,388.6959908244098,1438.4582149998116
141,607.0665541378626,577.1986847031695,360.7315695547378,1235.4034950699727
142,443.9393829692638,443.9393829692638,327.2321699905158,1448.6401143547398
143,557.0980287902822,410.4049899387634,315.5219727821456,1659.9629875515918
144,658.7284677252741,551.81174258582,376.51636580170594,1139.2189759109492
145,438.02960070786537,438.02960070786537,284.83794469890023,1368.0135899984812
146,524.7723417408597,446.35232134759246,360.07268974172086,1104.9625155745741
147,483.60723983511303,521.2627175417391,291.64688959946386,1366.1075411145644
148,533.4495800690377,533.4495800690377,338.20760610299726,1762.9980126266992
149,457.8555281815525,457.8555281815525,288.74639973088756,1246.6066383529812
150,452.32576041473527,479.24900487090105,262.7834787449177,1381.1227588896998
151,534.3961965404624,551.859040741177,361.45116984169306,1120.650044802727
152,450.2630428798788,464.1343007012159,297.8520783643622,1308.7199175738506
153,465.71283537120405,465.71283537120405,337.45916798181014,1136.2456597669511
154,563.8557890384158,557.4989372018161,307.4070755416188,1287.8977210951437
155,464.1801637409433,464.1801637409433,326.7758703256803,1451.8292332860385
156,522.8818416678652,522.8818416678652,341.48533934749975,1532.4850031929207
157,579.1561991637816,437.78609987696143,379.77476856473754,1862.4346303060584
158,422.44923652807853,422.44923652807853,328.6156963454922,1459.2855806645105
159,526.9995936723714,522.2939489282297,389.6444139941932,1133.6282503830612
160,553.7865948818625,491.1675154352768,285.9611406612405,1436.65521221393
161,452.697655226236,452.697655226236,308.57513864954126,806.036224369432
162,483.87291961139573,483.87291961139573,327.6365815377392,1153.009001488838
163,515.6228667423912,407.84436767332346,331.0587400038284,1186.643426096723
164,444.05401872093125,404.97446694539013,316.8411627335351,1903.803492768553
165,687.8130177136292,687.8130177136292,417.6522771923348,1879.013648449044
166,435.28258073623743,342.31861005681907,324.5595495106332,1423.2049605253724
167,406.74911164818775,406.74911164818775,323.31235162117224,937.9791399854303
168,570.3118130142431,516.4606493930617,348.5675294977471,1729.5808003941574
169,452.88700744300405,460.9103973778633,327.71023725169505,1289.5634809316768
170,557.0579583563474,438.4023600280413,354.33655013886454,1156.8763635731134
171,539.3213878661917,383.7105943926415,342.9910801902252,2006.1445662687934
172,464.42683745259234,464.42683745259234,308.5736392865006,1383.7860288967067
173,520.9793184445894,520.9793184445894,339.63731700245427,1253.8539087462232
174,444.0439184182155,444.0439184182155,312.25439564886926,1089.811309041073
175,555.2222623092257,555.2222623092257,326.4903973610358,1194.1416434124599
176,612.8955417708779,507.3253292668021,332.1986368706728,1298.053704639685
177,464.88472766140285,403.3715842931566,277.9828621311079,1307.33842416145
178,450.0155211272311,462.4392680535468,297.2570238347835,969.7748234160321
179,581.2924870541294,559.9980131046907,368.78925302285415,1541.1113082056763
180,497.25734742614844,505.35040531391786,355.67877066257483,1460.3999019760524
181,560.3436532639976,528.0903791550559,355.5758905087169,1291.3060129118396
182,463.9349830530437,463.9349830530437,294.3767924347513,1115.6969264586294
183,614.0066411560276,535.3703020771029,370.5823978591103,1165.2363795766155
184,489.13671294990576,477.36064599340426,327.51091933825046,981.0707275642412
185,613.7354886711421,475.0387922463699,313.2565062973208,1176.273809355223
186,460.7776947490812,462.1114866581196,339.35240775685594,1243.6688799560186
187,574.498422360781,574.498422360781,348.5995171586601,1511.8473569407045
188,535.8816911998241,535.8816911998241,350.06956128830586,1774.1476539633038
189,452.1993680082737,509.91878655971624,365.2355290831097,961.836360282276
190,468.9123456576188,456.36383405341627,331.62998037698713,954.903257942444
191,496.9150913668084,551.8785702294787,304.99550116831625,1390.343275812825
192,455.4334568049396,455.4334568049396,366.8400252196732,1293.1204538647569
193,545.3678746517787,541.9814335696088,356.00304071527125,1172.1486085847605
194,517.6406549967054,474.2423623619018,355.92031199197936,1532.6749655682268
195,574.7999578588185,601.038331590158,348.1979218021996,1778.8490054506362
196,406.15043280371333,334.5720201899236,305.1173499814037,1014.330189684927
197,486.609574401903,506.0134537905569,335.3222143566386,964.3584469864793
198,625.5516781815119,482.13985614272246,343.4037308077055,1135.6806297973678
199,489.54998033562924,480.1483268552515,308.83319098131574,1652.097762560884
200,485.36557197536894,443.64296542177163,331.209093066655,1427.4887008724975
201,418.46456753205706,410.4320103769401,307.34246820194903,1074.6355370434876
202,515.1149826963107,515.1149826963107,336.6156162297364,1275.6823549308258
203,515.4290867991509,515.4290867991509,325.41815463757564,1673.1416536694353
204,447.2954652176343,459.1030676990025,338.01027603923654,1320.5024244081972
205,507.7663693273459,502.9162806103492,317.03465832537773,1409.0971829691782
206,417.29358956932384,417.29358956932384,347.0044690057999,1404.2345483695408
207,616.5647674359928,452.44164174410525,339.50025654185754,1660.1454407220706
208,453.771900038784,443.43399891371405,315.64818370749697,1149.340464554345
209,505.86434251476925,487.74205261769816,344.719262422407,1458.9397755687114
210,545.7436871920645,545.7436871920645,293.9143929376041,1525.2363679963412
211,560.719439160508,560.719439160508,329.2899763039794,1397.2676672712066
212,422.8951631864106,454.1539564910255,320.2103434515927,843.9512525087523
213,443.71995251328633,443.71995251328633,274.6030538004044,1207.3345526579778
214,490.74708279990847,507.0777326098192,392.3489629511745,1091.8119340760027
215,385.4844621937523,385.4844621937523,258.56339440972846,1299.1920502926346
216,681.0989375868766,459.9027640864401,320.92643623570274,1179.3460561836546
217,562.7187469999277,562.7187469999277,351.5569274770228,1206.7171237105783
218,574.9350475416691,574.9350475416691,361.43951748987615,1202.5300694019072
219,501.9705928938599,469.05871532603317,344.7794505856621,1105.3880104267932
220,410.2886742726178,414.8186606758811,285.80009281067095,837.8329491858229
221,489.67765094919406,489.67765094919406,325.509273682508,1118.432477166453
222,405.9829196228817,385.6727296937464,349.0909052840587,1652.6449819803722
223,537.4446783927987,537.4446783927987,331.0321606907761,1568.595629549579
224,599.1560899067381,599.1560899067381,378.1896281556097,1805.2305450310948
225,539.1448000643821,539.1448000643821,353.0335012441619,1769.4799236901235
226,380.3678580365707,380.3678580365707,303.8725074784404,1247.5855501703431
227,531.347635555866,665.977941191966,358.90017300565444,1297.4539741960562
228,426.77073439265035,426.77073439265035,364.61522518486703,1154.9416040733784
229,418.70167822722715,418.70167822722715,276.83525980696453,1740.113626459335
230,569.6546654855285,560.0703032145859,386.8989988851369,1392.273502213205
231,514.6452355383543,549.2473194362424,363.2404132164231,1050.0024918218155
232,487.2074581047907,421.9736246775191,316.15500523261,1371.0433467885582
233,368.4828467566136,368.4828467566136,314.7030139287644,1714.6637418049377
234,563.5609480400412,543.093042454453,329.0030676420331,1267.1034228007366
235,561.3346364166214,546.3424889273552,324.2214477368383,1689.3259295729288
236,621.2642641194353,621.2642641194353,361.81560702229893,1463.2866860187924
237,513.1064972103436,521.1478377528539,275.24215083626757,1220.7310884039746
238,659.2618357662785,659.2618357662785,316.1830138107254,1366.439522979061
239,596.1331748032832,556.8500001893573,347.6968866629111,1794.6030605981332
240,526.8829943902399,509.5362469271501,326.46965886626884,1130.4760921697243
241,628.4695341596369,628.4695341596369,366.65289982507386,1752.8628112060771
242,519.6352505504967,519.6352505504967,347.9920364936516,1793.7924317589889
243,460.07489085091476,460.07489085091476,335.031272529899,1115.4805068292615
244,523.1093879155495,523.1093879155495,294.5846568252272,1838.3499594721861
245,348.00448553664455,348.00448553664455,289.995447311068,915.1695103681552
246,442.899889618129,442.899889618129,324.641930584219,1574.0526142017093
247,442.37070510809497,442.37070510809497,297.35053633072874,1175.5964613222156
248,521.5769346187008,480.19580374248795,285.229946941109,1261.805321420347
249,581.9640915716991,431.0506239457693,306.48968576602124,1250.8407472673596
250,511.70146213991495,488.6457406091554,315.3485051784101,1530.0179023570163
251,448.47955561527357,400.56079099570894,316.22663429193574,985.442414884779
252,419.2621811669033,424.701288121442,320.446261808372,945.1763972412193
253,501.0724291605373,517.3797654469797,362.1279482737114,1228.3321853794423
254,641.7335030280896,524.1298021722762,377.18756458059914,1597.7601301956613
255,617.9196687576233,461.36470218485675,387.232952570014,1827.9666901150879
256,474.00101725115803,337.3913223663336,296.1712414875355,1210.97701844335
257,385.74830916162534,385.74830916162534,238.2146592310438,1007.4624128991347
258,542.5889818855414,457.54914413978037,327.69558679123344,1166.476873644021
259,498.9632632478565,482.1002771770652,316.0791093309799,1250.2829506101946
260,400.6760205322199,400.6760205322199,307.3825648283174,1375.6408053252253
261,482.50958185225744,482.50958185225744,344.994970357664,1340.4234955491102
262,540.1547877002308,491.6466803974183,321.9697722016507,1044.1445613740364
263,471.22957917550355,471.22957917550355,319.02396013571087,1521.768416243752
264,615.679987510549,491.9832658104967,340.0383546152098,1501.9805282906475
265,433.58037590977335,433.58037590977335,315.58798536986967,1266.2382099704275
266,566.5274965466803,477.18867224155804,339.22594713212277,1337.380340361036
267,580.0967872410048,474.97971801972426,319.25254129634914,1055.0847850588307
268,473.62375353714765,473.62375353714765,350.52137270276637,1426.2771576484542
269,446.2326239571843,452.9016034368482,324.3284671885564,2130.117853495232
270,476.65155259018945,476.65155259018945,308.8181011016596,1316.5659922096606
271,440.5686818163867,440.5686818163867,279.97937789897173,1520.4957106717986
272,552.5288882147906,552.5288882147906,357.72276348432683,1715.0473090967146
273,429.11471643408424,501.41176706427143,308.0364445939497,1419.7802100252438
274,499.66246538195645,442.2822303660943,341.97379106437114,975.584632812531
275,686.8299420981363,731.2856356491563,383.64147248825043,1785.0235927763722
276,575.0696244082171,575.0696244082171,406.6162005576378,1530.2792250564119
277,386.48919413768255,386.48919413768255,327.1304792111285,1218.3061934329082
278,409.6659638778227,409.6659638778227,353.99743081298027,1926.7874161295035
279,428.77433092790636,428.77433092790636,342.628386176203,1007.9593848689467
280,498.1500933445054,498.1500933445054,327.4007884164897,1017.1328427189203
281,616.3920194818508,584.4489613637159,343.36705675854904,1275.0678529050795
282,411.52499201478713,411.52499201478713,262.1774377034312,1131.8202113427874
283,519.4108844290133,527.9604951937326,381.8577777778354,1531.6941655771266
284,601.5680402727878,576.9381564595028,387.4011161607723,1726.365861591965
285,516.5865716892715,481.8159615546053,314.7217659203288,1634.557473141511
286,440.2601683938353,446.80906998876037,315.9645792687447,1077.9096299428993
287,511.7228831802758,447.8868976801507,368.4341258244099,2014.4417764259051
288,531.0342628353434,531.0342628353434,331.79611226153673,2171.167706794009
289,507.4556470004023,518.0884990895578,329.2034921636173,1667.4277899036108
290,414.26732922831724,414.26732922831724,330.7039736282107,1497.1901117362338
291,491.03249294583446,491.03249294583446,371.856299028435,1392.8310607205012
292,375.3268171947653,375.3268171947653,309.8890581835871,1178.370810708049
293,469.09678926746165,469.09678926746165,350.13662566153835,1042.1738193294686
294,409.20602765197634,403.304747829767,287.3698752299845,1529.7651430729932
295,557.2609137172633,485.835771556172,339.6751647354115,1083.2561134424973
296,513.7395188016988,482.06576106632315,318.7417871311384,1674.9820303118327
297,512.2287500243317,366.74278435909764,324.1569019966184,1484.8661023308787
298,513.5712846091645,545.1121775898949,352.22134165904515,1033.9673183879538
299,380.43817752649204,383.4831413185586,337.2986904034386,1559.7154315015046
300,354.35420618527945,354.35420618527945,228.7794791613773,1048.2793880287065
301,514.4567980628876,514.4567980628876,338.441997532632,1439.801401547247
302,603.74740399312,579.6230029720672,363.7786105979746,1483.6694835591145
303,576.1456720989784,582.4903139059379,354.64962100331536,1350.6423038647704
304,591.3726317782726,417.12942174631985,336.89750684193575,1120.5711115540958
305,324.3284246425988,324.3284246425988,276.9034031478405,907.8568316280172
306,412.2099838277074,412.2099838277074,307.21752041016526,1408.3688454035625
307,583.0092254421004,583.0092254421004,402.8710063499393,1736.8705081441387
308,483.009763708017,474.7482196770245,326.997336925442,1035.2517021252222
309,493.7259117604727,463.4140880078115,321.50607672638057,974.2371682120101
310,460.09461531971886,421.0052976419051,285.62564749330943,1331.5834772197004
311,560.3926407496105,418.28741119536596,306.07234645452917,1583.3462617397172
312,467.2966909145204,658.8775246939755,383.28932516552055,1848.6724872897064
313,433.09957363516344,428.64577744757815,324.17530345589824,1083.1570431484745
314,424.09338748819897,454.4482551112701,353.0211662770171,1173.5307205762704
315,676.4968829396673,620.6193309680858,362.8248288413701,1650.4277534140897
316,540.761629545102,540.761629545102,354.4062214716395,1129.401223077669
317,409.2209111403886,409.2209111403886,319.27610422048656,1245.1907709857544
318,620.0660375815163,609.0589749601081,302.7643742819449,1250.7366650593144
319,536.9043762282361,579.5628988649569,369.5289988009767,970.0507872924769
320,584.5624260597311,472.11277441927643,317.31279266304676,1334.8600803939905
321,458.9722016325033,414.992293006658,332.192316968029,1963.9116096519922
322,450.85045717308435,450.85045717308435,335.05455014439144,1560.0321198455163
323,467.0263693361765,467.0263693361765,323.97716860219816,1504.4724345862865
324,410.7495414951665,405.13364556007326,283.90882412937935,861.6593090817167
325,470.33506765462835,430.8710151538165,300.38375653635677,1216.330395815343
326,574.5455392490445,457.60261482334084,317.93927379368887,1526.6651757209756
327,491.104570575474,491.104570575474,308.055625799632,975.028630586638
328,486.3166901899545,451.9873917817095,359.14012840112304,1062.2219915671772
329,466.52698981625196,466.52698981625196,328.88269718584934,1811.8100879344202
330,604.4458355648309,527.9216088199296,337.298641914627,1752.4228699450052
331,554.2210727527636,554.2210727527636,372.4508084322001,1288.5253592181477
332,432.83475230436164,432.220401481188,324.18318645894277,1471.2725969621256
333,440.84528134309124,487.2355066627986,327.09576889090437,1073.865568556366
334,505.91057967233326,505.91057967233326,332.07664190842115,1745.0801587434296
335,449.8794784827321,414.501481640209,298.9590873268438,1331.6271560055093
336,504.5165108656648,431.39644044481156,356.4726830437724,1357.0234324439741
337,547.3307092631471,501.34562630543206,383.4181350167431,1654.8964184459242
338,494.59258920339244,494.59258920339244,297.02127762458537,1681.9148689211465
339,487.98520597216384,474.75715832466324,341.1978313998327,979.4932417739947
340,530.2116401096071,500.86818763898987,331.71571910572885,1293.2625213966967
341,566.8687942810947,566.8687942810947,353.83695717184946,1429.2153376792048
342,437.1175530658586,360.35398836628,255.34128881634197,1493.114803094853
343,526.8656360232129,532.4930780978858,333.38082738709966,1517.7391651870853
344,603.3040453020319,603.3040453020319,342.06557011433864,1512.4253916776242
345,481.0066190631417,559.9863008829449,331.6907482323522,1717.8506718289818
346,424.82743960852304,424.82743960852304,327.4371779046686,1101.5915476019386
347,422.4233592007059,422.4233592007059,343.59152635475994,1500.8393996267998
348,430.20140554847336,397.20058086294176,319.340051588772,1352.106319226127
349,444.54195284467465,429.7371720142,300.08364898435474,968.9110036717223
350,541.2368665085022,505.84441105698374,323.6775596222102,1787.1323775687642
351,552.7665409923192,484.19440850212874,323.5608164873845,1265.7071822062117
352,596.0382680963821,503.9953083185795,351.8631461353138,1041.6586331038945
353,610.0335487837701,610.0335487837701,389.79793621832755,1645.1795925020024
354,541.2767503964906,541.2767503964906,342.0761030354826,1516.5990435691683
355,431.8037022345265,464.99460837042426,345.76937412780984,1042.254790065882
356,537.4017451641665,537.4017451641665,357.5009425585533,1337.9723745591707
357,409.2009541014799,409.2009541014799,320.3749722905881,1461.033610325833
358,565.4437510410871,528.9650556461431,321.03388252341233,1324.6507265949508
359,455.0555422632138,455.0555422632138,311.43025802377457,1267.3277369861094
360,589.1854933914387,630.6154166963064,328.8711915962219,1387.4191056678258
361,470.3834601293374,470.3834601293374,329.6177464820329,900.0448509228638
362,457.62829690309604,457.62829690309604,334.1409706765451,1155.5994629222384
363,484.9372002107325,444.9821165073489,353.3381839362494,1554.4273380305676
364,570.7454230433951,546.6043554885333,328.0245383942003,1216.5748779861296
365,598.5286701855341,588.8788544346119,317.40368034574004,1084.0840042235743
366,424.6103668129983,420.1488624218755,336.4190347719724,1675.4998418660098
367,544.0198111624443,547.4253206402198,333.4412877936655,1079.7083111001803
368,395.00933072383265,387.71862931099463,275.24756371340385,1095.6608907724099
369,466.5000485607003,486.93576503219606,324.3315159053476,1223.2703900054971
370,439.109657734594,446.78886637999614,301.1387956779078,1148.1157823272908
371,413.08361783895305,411.7942681947129,328.1446935359167,1443.1761582720533
372,437.65741753500174,437.65741753500174,345.850723697014,1045.8398006818472
373,484.52515383971416,484.52515383971416,311.04061622273383,1278.297690232334
374,593.6647359666607,552.7104125536957,334.0411779353847,1018.1286906702459
375,469.2161083027603,513.0616213320984,313.79272307473946,1473.574561451171
376,503.85101757959535,503.85101757959535,295.39372968574804,1196.7851118168373
377,467.9523450877326,558.2232095752429,370.3327149826545,1113.3096389468938
378,484.0088122892675,570.2677837890528,278.30253172491877,1209.0594417725804
379,650.0226192957219,456.5030502652876,329.29866197067685,1014.7701468798693
380,542.5756467172281,542.5756467172281,343.5604965629167,1668.4837020004522
381,417.97905085540214,454.2338497371455,326.4761082774645,1019.4438736836834
382,550.0064627262695,413.79625807694066,276.57783467324094,1256.7104613854988
383,487.43699171512134,526.3107809610309,371.71717874364856,1578.3270656921568
384,548.8674110226978,544.8767092020316,323.97997056278837,1363.7032157189492
385,450.5634493185269,450.5634493185269,311.6394920360373,1257.3127400110611
386,447.67489252193536,447.67489252193536,336.23366131541707,1376.9318981644267
387,407.299544075256,412.373520308854,296.5096659311082,1093.6285132238554
388,453.08310995705034,458.97247500166407,299.4573666244722,1142.9010942743143
389,563.4547522292936,553.0946034904404,367.5339598784473,1424.307243223569
390,513.3357741618443,513.3357741618443,303.05088169498873,1483.5005207883096
391,371.3297896467186,360.6865064936629,308.56841700568754,1901.708837621654
392,611.5157665080297,611.5157665080297,371.5496329409162,2185.783136016374
393,526.7661877780196,442.85086074830963,343.89603292991114,1695.186323158641
394,427.77960151660824,427.77960151660824,333.41708426707487,1477.186577590777
395,526.958293077056,437.59282103646103,306.49904037786314,1285.6524606991745
396,579.2648129304155,488.8715221948578,341.95038710086135,1308.9780716506052
397,347.9112286391235,443.3565542961221,270.3213330949962,1592.0019793503416
398,655.9257520053859,655.9257520053859,368.2970784115215,1610.382606130436
399,446.05735059949865,425.3045822234108,246.97544439174396,1328.8438311669054
400,464.81314195689225,464.81314195689225,345.7729753228876,1247.96815182232
401,465.5807936129455,447.42098946409243,333.854330849663,908.0313130172165
402,505.7061888232964,499.6330308746747,309.32308249492286,1699.3531128297843
403,401.86561918537075,401.86561918537075,319.0684248061092,1810.3444117328588
404,484.01660355191615,478.4438101359925,348.7339683820043,1322.2545929384096
405,487.0100741775191,484.57464234629873,392.1894142950624,1506.5884669769503
406,550.477603760746,550.477603760746,354.04300194387605,1454.641595476196
407,555.8677412219773,613.9038238267215,360.8784897590249,1701.8504920277312
408,430.6347960636127,430.6347960636127,323.1536041324258,1170.2417323614702
409,492.10942408122014,516.2380791614544,344.8944176424558,1221.3821303329623
410,628.7997814911552,628.7997814911552,370.63168464158736,1545.9374522047362
411,527.4908696424302,463.6248078698145,328.0395701696347,1696.7474787418485
412,376.2491127876631,390.40785775489474,295.95693331711476,977.0475851636126
413,409.1437727394254,390.77437782148473,323.73677284521494,1210.4368291119986
414,433.8679276741057,428.58894012584244,324.53011388615823,926.4172878389734
415,454.8651424776054,474.10883970494933,304.3783040125632,1083.5642139379838
416,497.334664855816,497.334664855816,363.2058805159535,1072.3931135856972
417,492.72133701180167,480.06103799898176,363.1283501972321,1860.0561909609914
418,490.51958145440636,516.9366057547264,304.79962418127417,1031.3307687776594
419,360.6487381712742,360.6487381712742,297.27575908810627,1341.5719497314744
420,408.83244534494645,408.83244534494645,334.3115347215714,1541.7988748640619
421,432.1298203437868,437.3165965440784,281.67067254880567,1318.4343905290882
422,512.7498654755095,513.5553652719393,318.1693060145253,1401.2072715281624
423,363.8877472731603,335.7258524992909,258.4564655734204,998.0096048068353
424,478.46766912477756,478.46766912477756,317.528667512489,1053.7441973707357
425,599.285640386261,524.2011551051255,338.59173928467493,1816.8499799251263
426,383.20038935771436,383.20038935771436,279.13615945995247,1536.135523491545
427,362.876703045625,362.876703045625,271.74538180291825,1290.7782491228975
428,494.2064023928146,457.42586212920986,357.9426875347224,1404.0558761705358
429,454.1074309747282,454.1074309747282,311.2197767771892,1507.9974208567264
430,475.94051746679054,475.4425965736146,285.0048100815268,1301.9615462156205
431,395.0779775156499,395.0779775156499,287.0948346771135,871.7860009035766
432,601.5140295587139,500.9911973084393,360.21818734970907,1237.0619675423093
433,440.04948000075694,440.04948000075694,292.3421140561417,1541.3868248289596
434,471.1050385199498,471.1050385199498,347.70756485035,1145.3591808596916
435,471.607864972872,458.3771828905595,343.1328703902906,1582.9680107731406
436,451.09848234000043,469.58600966579303,288.55835682264893,1603.8137255183465
437,399.2598160719393,423.9351510738255,327.9121748713276,1052.060041230237
438,445.99666160493706,442.40781114697364,294.75179408497775,1133.2777461607243
439,516.6607027061275,516.6607027061275,394.6933390980338,1023.8410512149876
440,435.280737339633,435.280737339633,333.7222055540825,921.2659457080435
441,506.10814397208054,506.10814397208054,322.9247581414194,1677.2440693390265
442,571.6350629735184,529.2308301430675,407.63072935684016,1672.9760350953375
443,605.5606975902924,605.5606975902924,410.9967467854223,1207.915367356228
444,439.86097914411175,351.838826086871,311.75786791476673,817.0496376112001
445,450.90326917520446,450.90326917520446,306.1147134401379,1293.37311528049
446,636.1947659629077,634.2091442669097,352.15552443088177,1720.841253062578
447,546.0391574448543,455.0058572231013,406.06930135691306,1793.3575155820931
448,477.3105680327353,565.7276002394455,354.05789140066236,1315.960079243003
449,526.6475720003493,526.6475720003493,304.54810297038347,1635.5152664461202
450,580.149123810526,580.149123810526,343.26870198213726,1724.0603647058595
451,515.0570238961463,515.0570238961463,297.3169842940485,1226.030455768996
452,492.5179832372106,521.7627809980297,375.8515091166543,1386.2720552966678
453,497.97857523577983,394.9986258754664,354.82221836636415,1599.099978730728
454,418.28094283700347,374.3228735776961,288.6597009675844,1621.7072429113573
455,383.6316301614064,438.5962040931885,301.556466447561,1452.405788553392
456,566.0510967413244,566.0510967413244,359.6040940430998,1406.9199597598529
457,547.26031061988,547.26031061988,343.20155282494864,1371.7993381395765
458,564.5261489809275,564.5261489809275,322.8248514840749,1688.5544185756337
459,439.39710996842325,450.30020917157435,317.85884547653376,856.6492998549908
460,414.20581153749157,414.20581153749157,282.5241609337264,992.0828626120267
461,466.89361386845576,466.89361386845576,340.6821247847643,1743.565412455251
462,496.40502104698385,481.79979907763334,345.50979153213405,876.4911955866318
463,396.6691550757397,430.69306084176947,337.467035066323,1228.690634794475
464,440.326922312268,322.43877868767714,300.5426062239411,1184.0170281819123
465,328.6780023905096,363.9688338771684,253.90159394927133,1300.96182336483
466,623.5794777551406,633.2796417182167,364.7443271387019,1176.3307199052774
467,447.94822048286375,444.9375188289123,297.11908745292567,1299.3561267400962
468,559.6728796936608,559.6728796936608,336.5593904247473,1616.2021109901225
469,488.3904254195049,525.5422335631157,342.8505128881887,968.8888883607409
470,601.87051868151,417.2901487146499,333.2798197537177,1416.7261088500188
471,466.34096348514504,466.34096348514504,302.40955332542114,1281.833238900033
472,502.4110510103696,592.2589333172647,371.7800083797812,1363.6503664172485
473,498.98803599571414,498.98803599571414,380.6857883568808,2114.1004659925566
474,498.42024995646426,450.91488809864694,353.84577712304036,1478.0372113692342
475,490.2915759973767,490.2915759973767,325.8919244206063,1613.7968161134884
476,456.9281125471122,456.9281125471122,293.1871823444694,1524.6029822382463
477,470.05407969674417,470.05407969674417,300.9353129347056,1160.0636486303058
478,550.5004399364235,568.1366143488799,431.76214588926223,1417.3654924911407
479,330.3345867749915,330.3345867749915,279.39947869033074,889.273811638746
480,526.9093682900262,531.4094392715998,297.92867419819464,1650.2507922036589
481,509.9653311104485,531.0990786426164,320.27025681004596,1436.5919467067092
482,517.9327060879825,566.8262308897154,321.1330431505869,1685.1401091011933
483,514.4935997570236,467.0292891198571,388.5203573048423,1281.7538004043279
484,525.6615815889038,525.6615815889038,361.6453186003056,1475.4430519732928
485,606.2513937638582,606.2513937638582,366.18984157885126,1696.2339914102265
486,400.7553069251194,400.7553069251194,273.81409187128423,1117.6847065761747
487,449.03630634355625,398.7432836981646,361.6629708641466,1240.082747572389
488,461.5273985940675,406.99504018741277,332.9480024763592,1299.9043424945892
489,575.5036668352707,526.26588145255,345.3546349024116,1687.6107734839838
490,512.1849631388285,512.1849631388285,339.78096237232296,1591.4941539160598
491,583.6380882416427,583.6380882416427,300.83790706609517,1492.7084829680657
492,588.4331674493527,512.9090997505142,412.56795771184,1916.037492681001
493,551.0534813662706,513.326367925944,384.1677723551467,1880.478077658084
494,550.2003839865226,514.5540123482829,329.63557778523943,978.1796449722232
495,560.6034066495458,560.6034066495458,398.13378169909436,1620.2612697487962
496,552.7458570685432,506.6709968296914,342.88696297546704,1316.6885582861205
497,551.7728148622223,551.7728148622223,351.29353774922515,1481.254385717462
498,514.3432188748467,514.3432188748467,382.34526368392915,1786.0603073087066
499,412.2787384848493,412.2787384848493,312.97652130093803,1378.763635647419
500,583.5288690939268,579.8140602973455,368.5318180424411,1596.9543463702703
501,496.7038966585951,496.7038966585951,360.95127551665837,1499.9575109045927
502,520.0253347200044,510.21874585078865,360.7745034101491,1263.31152674648
503,476.87007574588006,476.87007574588006,301.39144737640396,785.7847092759334
504,448.75329795771563,448.75329795771563,342.9088910244863,857.3415281560173
505,485.82806871493835,484.6417012598945,371.229077115938,1573.8569116778099
506,509.8879325721537,509.8879325721537,318.1983540442308,1814.0979603680807
507,462.8657252782321,462.8657252782321,364.6194661449749,2187.2045719592156
508,476.75353013923825,476.75353013923825,367.7939696573938,1961.7488714438914
509,514.1498422630548,433.2247133437503,352.17644160608404,1195.2368392039539
510,465.67704543765717,465.67704543765717,304.5220876362723,948.2337367658934
511,536.5849482757554,532.9604494105117,321.621248670334,1431.8404746963124
512,522.3532249773951,520.2178725245582,323.62543221562873,1857.5108952662465
513,352.3905759492902,352.3905759492902,330.32873150938224,1391.7842526841052
514,534.9330515720667,576.6400738967496,337.08459876466117,983.5740404324898
515,679.5165343228825,501.03930348056383,353.57307594141275,1314.2562681524616
516,398.8578075681962,398.8578075681962,312.5848408675996,1094.2824788967255
517,422.23590858683235,422.23590858683235,318.2761506448222,1208.909218368946
518,536.086171908457,476.143680218173,343.7689006090304,1466.824735601557
519,493.0021888208493,527.6127286108613,348.42810808217405,1099.2102669917338
520,578.1911410763339,578.1911410763339,355.60187685314423,1790.1125326099232
521,530.5028101972973,386.7687909056054,329.85705181073394,1434.8595309423329
522,543.0133585198907,415.2179302875974,306.18800831735683,1280.4539185449091
523,467.5358455247157,467.5358455247157,312.3519493112485,1254.3125143518969
524,432.488038597824,448.54159339059555,292.7170396383693,1348.4088316355176
525,562.6797964577869,562.6797964577869,375.95772547797134,1174.2952211294516
526,504.21952244674645,504.21952244674645,329.7169051977702,1316.8972224344625
527,592.5611056232676,539.3826195773356,359.1998357912793,1661.473961074938
528,439.5891854794918,438.16062490088507,312.00124259099726,895.8778313502341
529,533.6941989450079,461.87855973172475,324.76036574300605,1507.351734126801
530,458.29917672329265,532.6240025909544,324.4860120590184,1280.653399820714
531,536.6406802598583,451.90367422780105,309.10974741395233,1371.2198792197723
532,438.32049589944677,402.2595652396585,319.96013538644115,871.6591069783072
533,456.08574450803525,411.9986568424629,305.2790799454806,1160.1087586784854
534,423.6998740439044,406.2716112779126,353.8599922345364,1282.1592000097505
535,659.906638761491,591.5692137073755,350.10628691438916,1370.8629675023196
536,564.4386388199457,371.5123935074411,295.68443492802083,1640.1394894259115
537,390.060828152794,429.262133894045,299.0859332563781,1304.2229362736273
538,524.8259825262667,524.8259825262667,288.0897040690169,1076.3796369906322
539,431.4888028848501,502.56764733090284,303.5323016289199,1452.3689426370624
540,444.07627808181456,444.07627808181456,297.32873657954923,1726.8163282571948
541,471.47245976782125,447.90606556399706,300.1158356121919,1241.3200382579585
542,592.8896266459598,741.9184435026903,404.0662432673873,1235.556369935523
543,534.8962201828431,625.8329880923862,319.1386680286788,1811.2443325541485
544,445.3461536480256,478.2663536426634,355.19617032077394,1508.315137436936
545,363.042040081062,308.16053067659,271.59717322812384,1587.9172720426168
546,402.330066474674,402.330066474674,357.0988800869147,1577.045153321492
547,535.5075006076298,528.593687296979,320.1705769029848,1732.1994467055388
548,416.394752347004,421.6630875084838,334.28786249112505,1191.7718401349491
549,694.985315963791,694.985315963791,387.9974322402522,2002.717874284682
550,479.5269766637612,454.2268567607418,341.44215480056386,1213.9654093638833
551,656.8001453313257,427.51766777158457,376.0783484512192,1528.3178989844512
552,489.8909014545316,634.9349226174937,370.89061083503816,1575.9337250271744
553,511.6726302520292,464.38252123620947,341.30555292347947,948.8085931912934
554,474.8996155843923,540.2501203102493,347.89395758221684,1627.5638611173024
555,510.0541629399476,500.3482687144267,336.3308561644804,1331.9064889621607
556,346.9973455118531,297.0776489628877,262.13184495382035,1037.008813086314
557,527.5181519216276,409.64754858520837,350.7630379693037,1799.0456089743184
558,575.6848593850374,594.7385658936282,360.6492186599333,1464.286069478768
559,463.25815073850333,427.54708938902047,311.5005301915597,1747.9706761310229
560,579.6990847636914,598.4870715354512,380.21571254852256,1899.0416562974665
561,508.39393921876547,517.3928643842935,386.7533029173783,1205.480899011057
562,613.4006750701745,586.5941227374652,357.5556718458401,1644.5221266976496
563,512.6306632215559,483.73159853813536,293.2924759337982,841.2720580387257
564,585.809840050342,524.2938851855117,365.89542435714986,1559.359359113027
565,677.003678829656,634.4968709658942,360.9005153694712,1457.4781570412679
566,652.8696566141356,532.730721470153,400.0938441706188,1427.2979322538731
567,491.16775570885056,491.16775570885056,348.15685952665086,1280.8374891662345
568,549.3228111909045,549.3228111909045,330.29234163349616,1860.4093689807953
569,582.3082061733107,577.4580796607585,359.7229255974916,1113.8996594078799
570,611.9928015421788,497.50099322187657,344.7746071382336,1151.7064713525383
571,651.7496130485521,657.0863875594791,363.5889699427436,1732.2001857322173
572,504.7204621288472,488.984219299385,304.13358025944774,1377.9377168177386
573,448.06408883851674,448.06408883851674,320.02151153637,1044.6961537720886
574,570.1503026413134,570.1503026413134,338.83119700957553,1476.5423880448964
575,558.1297565335051,544.6176745444973,392.3586941984136,2206.8449095230894
576,494.2555815095249,485.6775625301793,339.71099737300483,1399.1794984454082
577,376.6223853892743,376.6223853892743,276.0316374087041,1164.5923045528912
578,508.40082594528116,508.40082594528116,348.1576893336195,1757.5414116354345
579,491.2231724262789,491.2231724262789,337.96779991786474,1328.0183670551119
580,591.9948920324944,492.04078080571145,398.8823678867857,1695.0472800456728
581,487.1068553161629,462.8828068515268,278.2083300230299,1031.4747186925106
582,567.3083304244328,567.3083304244328,338.70904448246915,1024.1337532396237
583,516.5510270727401,516.5510270727401,348.68351824529816,1891.94917923519
584,641.0354575613845,641.0354575613845,357.502964423666,1586.813833392114
585,527.7275200078764,352.8339148397145,345.08282377722674,1427.0658762573726
586,562.2838834088399,447.3617653077167,323.8339761097247,1362.1722082657275
587,463.02614262150706,466.93293716534583,334.16494561781985,1132.8324056211488
588,587.2433810661595,594.6488024968975,359.6858193917459,1333.2362221147532
589,616.6856158668572,583.3908037702855,371.7870409580789,1543.6417326034884
590,523.5912600154561,523.5912600154561,324.1491752936482,2036.8547227372549
591,581.6975230301362,594.5193943273061,394.3059839560364,1100.796337395453
592,569.7018204338394,569.7018204338394,329.67949956408006,1417.6234265651208
593,529.6317173490156,529.6317173490156,317.6080372707316,1055.7505686957136
594,451.8216886209564,448.1165202134496,367.91797214899555,1387.3274949316406
595,411.3990561097954,411.3990561097954,356.632784933082,1531.6145291104565
596,674.7819378115836,579.4937195813976,327.70796850513403,1211.527564106836
597,517.6964003919434,483.4267433454362,316.3404196721883,1487.9001449785476
598,612.9169884159314,612.9169884159314,362.97093457233774,2073.443633676356
599,539.6604402811398,521.330303534695,333.7110306290191,1164.0400870543722
600,546.6534421730292,516.6785499152703,391.7747321054537,1775.0865909275979
601,556.3765343216685,556.3765343216685,364.28780647434473,1149.287360591128
602,491.34355372563977,429.01421076281144,309.993059787059,1238.534935153598
603,529.120085230153,568.384649988855,352.9537918185938,1438.9997119094778
604,501.4074848968712,501.4074848968712,310.0284197275961,1135.8932634593423
605,527.9254616447355,527.9254616447355,373.71635465335913,1190.286734976062
606,518.1471454829051,518.1471454829051,364.175722800906,1222.8257727089754
607,482.80007174570795,482.80007174570795,348.7272079323413,1499.8181692318062
608,461.65238414321686,519.3849254647337,355.8272940777282,1405.6435789507532
609,554.5904299879791,456.26953693021864,343.6222476002192,1106.725519570799
610,525.2077194177868,525.2077194177868,354.1647046984254,1324.4856010411397
611,426.42299399794734,426.42299399794734,337.9624934528176,918.5788127585076
612,664.4544155661217,664.4544155661217,349.3138721894515,1377.9617830195962
613,473.79971323825583,473.79971323825583,358.41837129615453,1199.5044948047628
614,510.9666613920923,510.9666613920923,367.7170276092039,1827.9555831139824
615,434.19774780415673,421.51576668579344,311.5612419214342,1079.1967638446852
616,620.2238689696089,517.9358227027308,350.14791182563164,1186.7544793846819
617,501.3776647452401,484.06309333638836,382.33312476477187,1465.1658354901956
618,449.8079076836118,505.290801277529,290.0895234926561,1445.597631803615
619,489.81603693131575,482.28886478432133,329.33721456108805,1307.2802493684044
620,497.9625257786435,497.9625257786435,343.64976005313156,1333.6048627339303
621,502.1231845560121,502.1231845560121,277.7439842970699,1513.3356954890178
622,462.55896696712267,462.55896696712267,352.8567973509678,1275.1668037296777
623,652.7345837486843,639.8482800445342,354.42612488216963,1526.0439610553224
624,471.38695616757485,527.3633063347893,366.58565625917566,1025.10095880476
625,492.43383006999966,448.9210216618877,366.2474668705084,1199.4365596354696
626,494.8614265389996,496.63829002886007,371.3154963102127,1092.896620611766
627,421.58272074138347,402.3655288886949,303.7203898111057,1065.313314397644
628,440.73533663963684,452.11382766925533,337.8141088619137,927.8699171499555
629,497.8064499979285,465.08356351184096,315.82380165478037,1266.2337691733642
630,446.98654169250256,446.98654169250256,299.36393055314966,1367.3554680241577
631,613.7432018998836,603.7817106929185,335.91255215229637,1149.4906666575853
632,586.1965008331323,526.8449941646827,349.46378601072655,1033.5791343577803
633,404.5530005865147,404.5530005865147,333.9565832998335,1050.7136403753727
634,515.5130747030219,528.8557182196383,358.0409944786452,1330.2116134394075
635,460.18467404984835,436.3742943007653,296.63325851366375,1108.4210994366156
636,560.4207905885025,430.3818643510526,306.588538700132,1478.4089420962237
637,583.495703823688,578.109378294514,368.9037060451629,980.4462447790428
638,512.148929678903,544.0474717813114,342.6145126759014,1553.88283565649
639,516.3388525048349,516.3388525048349,362.34929204720925,1569.691073784688
640,463.89135396767216,463.89135396767216,332.9614343749765,1421.5133412902792
641,430.6971097726207,430.6971097726207,296.62026817611434,1228.2538602242898
642,391.5862451579073,414.4379704281395,291.32896681926496,1129.3278492950449
643,408.03989573478594,408.03989573478594,336.60779492317147,1738.4042031393683
644,546.7809769236751,604.720293213145,412.3739548671796,1060.930967405591
645,402.9120387713382,402.9120387713382,337.99317798767845,1171.8618043019294
646,459.51080432046695,464.2404008153089,288.58264713697014,1082.1952236242196
647,483.55119440647724,483.55119440647724,339.5769709805539,1508.8135413712207
648,446.91863296921554,524.1428768505265,356.98674385200786,1132.5731830170862
649,617.6254830627823,617.6254830627823,366.72769612949287,1226.0872570765393
650,565.2222533339815,551.323973251542,307.9066908343651,1216.055866068142
651,669.2214921842512,526.6624176375241,389.4018192926078,1607.5549642510628
652,504.9453023951892,513.7731624285891,372.7889645557103,1368.9659964666344
653,553.3415192164839,544.2016723211015,342.0192545279772,1258.6701084758092
654,525.3828896427262,503.3253729508389,354.9867218223269,1823.450339820545
655,430.40888999587156,430.40888999587156,283.60008820724767,864.4687168679754
656,485.60026950284765,558.2135918818061,323.0603662433771,984.2794541201304
657,483.48100342330844,466.2354898309873,350.0228648729698,1403.3364191511387
658,424.8476363026037,432.1996587472103,336.0744998733645,1253.4392313158794
659,576.6482407282946,560.6877296905556,332.7189398931872,1378.4241333158466
660,468.6103689348547,464.53223612206364,375.98500957257227,1889.1859359957957
661,695.3466191966552,656.6913560035916,326.4196316802079,1375.3061019327668
662,457.082730575618,491.4977983371016,269.0838796001833,996.2513174732426
663,521.984272972408,574.8123268737894,323.52875697873407,1188.8796545465568
664,500.6467312768817,453.9298338369125,313.3570281894027,1102.9724522298523
665,560.0325136279395,560.0325136279395,296.1509895139523,1328.485715449744
666,477.73405060283005,477.73405060283005,358.49443374610144,916.8095746289698
667,509.41332169849744,537.5279276721953,339.766339282869,1247.3830998478606
668,550.7976648350113,550.7976648350113,315.71615392160345,1468.1321772991316
669,582.8668880154414,441.9646435096559,331.85725430569875,1252.2797789463727
670,426.4256420759659,426.4256420759659,297.29436790612993,1206.5460721544719
671,494.8892461537812,514.8391573707839,325.2347789463762,1055.8174073992777
672,574.9176889869835,574.9176889869835,398.37723621380275,1166.9125376961058
673,550.7973413239465,550.7973413239465,377.9663154939371,1071.9614194004039
674,399.75948980961897,399.75948980961897,246.48489299147303,1197.7957108472986
675,348.8801087377746,381.83519435519526,280.61164251451834,1493.480251046255
676,591.0188321842895,591.0188321842895,338.15113222944274,1971.0241206823134
677,519.8733449156416,519.8733449156416,385.2895447546458,1392.0724834015932
678,526.2534885029565,526.2534885029565,336.571349725567,1339.9434472456985
679,434.98386234021314,453.2353447504461,300.5799569165876,1400.7437078174726
680,527.8757395087148,527.8757395087148,307.3459758940923,1560.063817192756
681,597.2947556768883,572.7353743218848,341.1435642088417,1207.6696377618657
682,742.8329244507871,660.0937743020197,336.96261510900916,1671.4324209315876
683,520.7262500009217,634.0084893842936,354.80127621629026,1853.9968881587085
684,485.57956186208486,538.750202690234,361.63260137747017,1844.0159628384065
685,543.556881283911,543.556881283911,383.58786095594724,2093.2433891679657
686,378.86036972168534,378.86036972168534,296.1031596977722,957.1181773737703
687,551.289198238289,504.8246215487996,358.6514918250592,1277.1434218475279
688,527.8803914777511,466.4841155721849,290.41724902651583,1009.0859354334253
689,476.69343249593595,461.2562033373346,335.87201094017865,1447.689867279099
690,425.4770398700033,425.4770398700033,339.88194520667025,1034.992677600191
691,418.0513419929975,366.8984417236829,310.2083927631933,907.9137371134921
692,435.5583885210782,435.5583885210782,339.0192579492949,1465.8337900000133
693,423.409042741447,387.86436587993336,304.31921026020296,1184.5404102568993
694,437.2479460369982,462.38702699232056,278.02122234815903,1131.7709386589609
695,544.1718026746665,481.2838826214055,322.66493501899237,1551.1526797903462
696,553.7563666114366,606.0440667943888,368.6174147521793,1125.0824904913384
697,607.6123338924724,607.6123338924724,347.1806878274704,1452.6376757434753
698,506.61549754270965,539.0256482409126,366.8360286651457,1592.6865371194556
699,544.9380212817505,544.9380212817505,324.6780576983568,1782.2638707659676
700,533.6441372820921,495.7574652835093,393.3092061872272,1179.991498489513
701,483.6028679292778,491.0641346911361,365.31278429630214,940.8419783303045
702,430.9516919269026,413.4704206635741,316.2825454301822,1257.2197796433372
703,568.538429754548,433.2847805327372,304.1990321592981,1196.4521834346701
704,549.2654177130785,532.2983006444488,349.2828704492601,1537.5483958586558
705,625.5623701200722,588.0372953944463,413.78879536933846,1909.1692534809563
706,406.4853542227829,409.00769431985975,289.5839890845473,1210.0964655302375
707,460.47071572720296,448.6268275527774,318.8918648782036,1365.8274271865841
708,511.65588966004805,533.2373390585213,299.7985878427007,1199.1916436966187
709,684.6059487545213,640.798214928041,388.9697986077663,1971.5622934130697
710,615.8108738336108,615.8108738336108,344.24116727093553,1532.446338920696
711,415.93085499600977,454.1352207647023,339.9535047072983,1969.9558184240218
712,340.4918225770719,346.8861661108823,244.49914422561685,943.9726694589577
713,476.31358855537053,450.0360311949294,339.820347123289,1026.4361538762223
714,578.0421085667647,560.0166146849047,405.99617542692283,1180.808526164268
715,547.243570545393,547.243570545393,336.66874663279873,1560.5626315892616
716,602.4299285239597,632.6249826890314,367.9179234487649,1085.1901668119872
717,431.2186073203046,464.90485430820945,303.02802557552775,927.9954690288573
718,448.0553508223287,448.0553508223287,292.326330136477,1233.4374435273946
719,595.9574820139052,595.9574820139052,366.3748623686635,1819.2181790605616
720,447.86901228142074,418.7027757307106,319.28176067883624,1331.4112517015205
721,647.367063898827,521.1240823056044,396.2962205530271,1231.161200689479
722,494.3228585122858,494.3228585122858,358.8139145574274,1289.0599236761987
723,469.1986783455659,506.8801341681037,344.8794639336553,1469.0572651776627
724,495.69177404513925,495.69177404513925,298.1049921813805,1230.9441285142386
725,546.6323015747846,446.01626778839716,338.48947257512606,1013.8687811925761
726,497.4398900968874,382.53244554631584,305.99497322291415,1346.860181726743
727,489.3892170877381,464.91848804932977,353.5097953463203,1657.956607577419
728,512.3397159629991,369.39536278681237,291.3733369601184,1419.232424186454
729,577.6119735592267,544.9233090014656,382.5453423826601,1800.1083774904448
730,534.419714581394,534.419714581394,339.4297105744503,1633.4290714553201
731,520.7774140490818,520.7774140490818,407.95034576830733,1561.083269853835
732,437.3981866818472,437.3981866818472,300.99834288506514,1171.1489102478408
733,545.5783523577197,545.5783523577197,378.70037202358884,1614.7289975595497
734,573.2395268566925,573.2395268566925,349.9614757414566,1486.9561066923902
735,473.18294403605455,469.7236701381024,286.449501194096,974.8382127108226
736,617.7076013203872,579.9100694888019,366.00084394536657,1541.2936297945917
737,484.82881847525704,484.82881847525704,328.6843129501822,1549.6133633301959
738,624.9932042337344,540.739528577633,312.2861711370011,1538.226623799494
739,514.2679006109784,499.7865535823598,298.96009815602855,1124.4020432782138
740,383.7992378367276,383.7992378367276,303.9255895162677,857.3429654908883
741,549.7932887748489,549.7932887748489,323.4505107757243,1761.7173634388605
742,514.5507287744733,514.5507287744733,318.3774445376626,1478.773529269999
743,529.5224374334687,529.5224374334687,391.8030446569887,2047.8399305242538
744,503.42024180230584,481.4242208078212,326.137447087782,1443.5315629317174
745,636.5988812429132,592.801405380584,381.22317277592856,1131.0485654496274
746,534.8593458090511,534.8593458090511,300.40783617270534,1316.0040740626966
747,557.7011845138272,557.9802457610949,348.6436963338926,1491.5542371619808
748,571.07414900817,436.57049826381586,306.00564342027513,1642.0028844089634
749,564.2107298969603,485.5632209260416,421.41939620534447,1391.5099002243962
750,433.4926082293828,467.112689489136,343.30107023854634,1949.71733048147
751,576.7899250430446,576.7899250430446,369.18854791811356,1689.5366188545347
752,527.4469960430002,495.84584787784786,352.2336644651315,1249.66691735674
753,544.1812270225967,544.1812270225967,319.7802973457556,1578.48725758285
754,511.1548782852463,511.1548782852463,367.32593118601466,1369.7929247341285
755,437.35095976322634,437.35095976322634,319.1705123721275,1155.1312879179998
756,586.4692331370629,475.87635872546923,321.08453821549006,1095.6166521333894
757,406.2511800884213,431.78199409732673,297.5336211448709,1498.0132026732194
758,534.9177427317937,434.19549052793707,340.8496846668356,1593.471459273228
759,421.9158519473362,481.8048468101261,289.81705898228813,1296.5130554380335
760,485.2714142850007,485.2714142850007,329.0778046112588,1187.5398577071685
761,425.6625064352778,322.6565946303583,301.6706104301572,1030.0119328550727
762,562.0581647972117,426.2878299705208,373.8584965166612,1474.3478681241345
763,532.5816730386506,587.6087642541797,363.1193112765508,1949.2769928112577
764,532.1578086541007,580.4661903161814,335.25831518893403,1482.0075345576251
765,422.61600173446277,422.61600173446277,293.4598216015893,1011.766408847001
766,481.3240605801941,497.1727405271529,378.37558031882185,984.9608096291291
767,437.66192912142185,437.66192912142185,308.9764308933177,1491.6818748387886
768,489.4557771670472,489.4557771670472,333.55767653990586,1390.6304493484004
769,492.09701480443624,419.1547813618656,321.7257880074506,1180.453063744538
770,553.4287786086921,553.4287786086921,377.49493018966814,1653.281347301186
771,540.6207188653133,506.84377881514195,390.6607432537256,1579.19675527775
772,496.1451397433684,496.1451397433684,351.4130452852816,1512.3463764870496
773,466.064656908978,499.9396976894659,365.9732327111181,1301.7616655387012
774,532.4963171255688,459.7857128834919,353.45396199335676,1575.7439488050331
775,585.243634462917,585.243634462917,301.6968849605952,1626.3656537088862
776,398.7323490650593,398.7323490650593,284.5569472733489,1358.4386892434404
777,555.190489594431,539.0165901886929,396.03938051207206,1169.7027555279203
778,426.7834335575041,393.3159117730582,338.8617237924937,1449.2123945627125
779,673.3145237412909,673.3145237412909,368.8268776211575,1621.1610440487257
780,549.7687441320526,644.172018660135,378.6439498590453,1552.9241557457542
781,642.6557178702321,571.2320364266783,338.7832236188538,1663.1193480241297
782,615.2885183422059,648.6588084572114,381.11872418337316,1731.123704104513
783,561.2128789843035,561.2128789843035,352.265334114852,1358.9715579876618
784,537.3308473537581,486.61390056784677,368.7260122363924,1308.0234085371908
785,439.20823448749525,443.1188453023567,258.5421548013608,1036.4103511300489
786,567.0114542746038,567.0114542746038,332.5123412553843,1735.6293729026233
787,544.0355184394431,508.7156218868512,356.97171059208245,1511.3599146823017
788,511.6491079990977,408.09588569823075,322.23147407795017,933.4456988002272
789,508.6809073804008,508.6809073804008,355.42505867867044,1244.5144286320547
790,547.7560474601091,476.2856832349653,321.24117827692135,1075.804457107262
791,602.0994065351713,471.60766231115883,350.0920503337839,1509.1090261398224
792,642.3135158595104,618.1759779378199,403.13736295069276,931.9599957848344
793,602.4052888496622,557.5155841918124,367.03081773183544,1589.2187323405337
794,467.7190863875205,378.6769282085857,321.79657547106996,963.412342297439
795,423.8166441486181,493.7664908568523,303.3748949930639,1033.0107870501856
796,428.57734827089865,428.57734827089865,325.43153427318043,1499.6347174371115
797,536.2195357741148,482.0497373328037,355.5964929560446,1351.6481902296846
798,439.79415778197085,439.79415778197085,318.4510760048306,1240.9883840460059
799,455.68440151898864,441.09100432265785,282.06598837846406,1349.1228488028523
800,588.0075137058609,527.4523689414225,362.92780011770236,2058.729035014936
801,610.3061391903333,613.5201182301446,347.3302413486595,1495.3245691196646
802,430.6368101243107,331.663561335709,261.37307099385436,1094.9373142604477
803,661.8404539869325,563.4784719098077,414.5988914253415,1640.2971638162492
804,446.03818213519935,448.16158831612887,307.5418777935974,1028.420332154964
805,539.8952932331948,539.8952932331948,349.33662611251583,1581.0776865463301
806,586.5239945481031,586.5239945481031,328.20665239420293,1310.1286093938293
807,640.7873150951958,600.4017889596981,367.6069922554621,1808.5750947306174
808,567.9876138362085,527.8369214795158,339.4745791673764,1199.4020529046109
809,493.09061631420724,518.074027967442,333.757541216558,1100.3267047386025
810,494.9837902342004,505.78341665908744,348.9352779859662,1482.396857300873
811,527.0372276742039,509.49225038860055,353.10658171147537,1609.3393102658895
812,575.8355178912298,388.5520842935573,314.0683100154055,1436.8526227436848
813,600.703387471372,588.8005507882332,365.7960736352292,1612.6617514654956
814,651.9310020803083,506.53815568345044,383.7954919808649,1891.7467250573554
815,590.1701320090904,590.1701320090904,356.9369320031626,1886.092784938142
816,490.61250282297715,482.43928464569314,346.546144635307,1604.26962804504
817,493.5569551084822,401.9279518388221,280.2879454272384,1170.3629690471712
818,555.3691282548216,523.7308050606999,327.38313550253633,1141.6521929904065
819,326.0294647139884,388.5760822090379,235.25124923764756,1125.4128126231963
820,440.4615254425254,324.46738809567955,291.6796616659426,1428.1061329715621
821,463.9847715365236,555.7393330670027,351.10733052681593,968.2805354523047
822,557.6239380140638,446.2936856142434,332.0368538693524,1202.6393244281094
823,599.8624425006295,514.2045086447431,392.8043475286952,1537.5222253981356
824,443.2638745193879,492.153585641325,355.66301792362657,1629.6961676753306
825,541.2935125916687,656.6318461014139,362.2141351229221,1524.158079625701
826,376.78000353716817,376.78000353716817,308.82289635152813,1052.4293785346151
827,596.4204410360401,596.4204410360401,359.9157069334709,1319.3150059248876
828,713.507379762754,654.1967461825135,383.3026540308405,1403.6457678319111
829,501.4959470196697,508.81426184591623,347.210372045259,1437.9309662991072
830,538.6637997460517,442.54945029487476,281.1972717005558,1449.0049318566055
831,523.2666759114203,523.2666759114203,335.7922434886897,1275.7790566996186
832,609.0556710874696,609.0556710874696,313.7267752647481,1575.9321774701978
833,593.3336229551263,518.9940937185354,303.6405639254979,1608.2067377674591
834,416.0020220020422,425.85726370622217,332.1724992089207,1342.629597660719
835,528.0086193102882,528.0086193102882,346.7931443693382,1680.5744069927441
836,477.51084516636246,470.3762345563764,326.0645391759751,906.7043773642845
837,568.7691389703756,506.6687170174536,394.9205553229815,1110.5655640003238
838,445.00007107035884,445.00007107035884,329.83673014156045,1382.566034187661
839,538.7814651913784,612.9531890994466,341.93709845939406,1556.0839887980478
840,643.949295471184,643.949295471184,381.24579701208853,1340.054167309811
841,496.3635322361733,488.7319884111708,350.1979307116806,1479.619205802068
842,558.2560759608665,528.0828151077072,326.82077571599444,1368.7989392453235
843,423.29175376445727,422.8563109509218,351.4035764925907,779.6805085700229
844,390.96408072343854,449.80988954883776,293.720056944067,1122.1846977825537
845,546.6801952520874,546.6801952520874,301.22363767411986,1457.0596064580304
846,445.7852353597584,413.4456568823334,317.9672309207001,1021.8710112236708
847,443.34721589272795,435.6256210907262,308.41491057747976,1704.603256727257
848,481.0833284290649,481.0833284290649,367.9672078293352,1979.8902515737682
849,464.70581524059395,464.70581524059395,352.911898221498,1478.5796505011135
850,590.8342586961762,664.7284354454931,381.03023879411205,1459.5571799933277
851,447.8862607602034,447.8862607602034,314.8056029001079,1220.3277576157793
852,337.01897355293966,337.01897355293966,291.0778929468965,1243.9717918357926
853,727.0072562914396,709.3973811646592,404.8785347294531,1769.4729769106368
854,414.59680537122824,414.59680537122824,387.8634802552887,1863.2340837961387
855,431.91188605049274,431.91188605049274,329.5212387588171,1225.1464462898057
856,590.3084278983689,612.5462271896029,343.1964920663043,1525.677206804202
857,529.6110032699214,479.9539083259511,340.05329639804256,1165.010095278517
858,499.63071577308114,508.3539990834905,375.9273912263181,1372.3073964735984
859,467.24569336746805,450.57371448528545,280.2872028015225,1124.546130871644
860,572.2201901427071,486.3302763621525,364.736244994268,1191.1089267213338
861,514.7449649864152,506.0994278296605,328.6481893393027,1151.1918618647574
862,402.42702256000933,433.30452246676526,287.0662989132245,1433.2418128573086
863,386.43084409468145,378.8870150566069,305.18056036269036,1298.2136988604268
864,552.2180305330494,533.4091996984537,346.4827301737933,1890.4299780981505
865,519.2775704108926,422.41053186421595,301.19343681778753,1610.2968931007244
866,615.4065207644683,615.4065207644683,398.1449982218576,1472.1244708217841
867,572.741782405434,624.1226416212269,406.8981131902931,1134.0950413370078
868,596.5965741265503,569.7431854009836,309.3822079091831,1146.0997046968478
869,571.3999988048056,499.80203048380827,371.53508924071383,1168.2973202518006
870,573.0579887994231,566.6501897096887,329.82695121589165,1303.7826849105231
871,631.215013804715,631.215013804715,397.6295923042846,1656.9417827945158
872,416.4233992261353,370.1305316503633,270.04397591579084,1982.2405295256451
873,413.6272711761302,413.6272711761302,314.09277087844447,945.8274096803266
874,551.156458165022,625.0736720230585,423.71337572976637,1631.6649562621851
875,641.3743082866329,509.5395717867152,377.3111212894427,1284.948700121264
876,507.8506685012561,507.8506685012561,310.7604572417686,1107.7220263299268
877,481.14624003474626,519.5015283300522,365.41113578222814,1386.1779114275973
878,430.62041532758826,396.7869531962733,311.5616039034367,1211.79544695573
879,396.6297610065519,392.35204923363193,314.1526453640226,1763.4212515326894
880,496.9202997455226,453.7302021065346,303.9647052243097,1630.5992920634792
881,499.28971287125665,551.2120589445746,334.9050227951524,1560.2426301021926
882,468.0148039396977,424.6790028533009,300.67614592426884,1344.2197049424444
883,558.9989253071333,565.2307389898826,376.20630807933145,1935.4635663530871
884,462.9743961757769,462.9743961757769,341.1060924780324,1092.621121369098
885,545.6269490992563,621.8242769744837,359.11602987353405,1368.0872385641594
886,443.9236669216973,443.9236669216973,304.0906309189016,1337.1664484145713
887,442.0306978053223,438.4760039945773,309.60295970007627,1692.6708582940573
888,457.85754626978746,523.9165341214417,304.4382780378372,1076.105711134882
889,398.1099342456135,434.9715582947259,336.90134448463317,1919.9674871056586
890,585.8729523869523,486.1170755161035,346.2675032110405,1274.7260411550424
891,380.3484384098753,380.3484384098753,316.2439563970155,987.8294970005209
892,447.3863253488161,447.3863253488161,336.25139359735334,1365.2284269433524
893,585.1091905885584,428.23375097582453,321.79436775200924,1345.0559433507715
894,425.8594711983059,442.093060995972,290.7059041270607,1076.618861239804
895,403.65115664255376,414.53838945606594,336.43209529646606,1146.4268802377971
896,475.11177815482057,462.9604798090979,301.52556560582195,1404.4547545128428
897,590.684563336533,618.0645004255584,372.30000144164734,1588.3027650626427
898,510.9232185540355,510.9232185540355,302.7025505572134,1457.739535899218
899,616.3432597443292,478.4229821614753,341.702826106284,1053.2469322556728
900,563.2075656414743,563.2075656414743,358.27603986922963,1178.026262925286
901,663.703724292823,551.801135484303,384.5220147003449,1389.3614578613565
902,515.8007525531348,535.8953416675613,362.0079028376381,1142.6580442672457
903,387.84410433618257,387.84410433618257,300.51420861746584,1299.5661922930344
904,618.5505412273452,461.57058684630374,350.14382756034433,1771.4117463556772
905,432.14001623292376,419.6430444716782,295.75505563874674,1335.4557307735356
906,581.6286203118863,628.1430204541205,356.81585824882654,1659.0972863523214
907,603.2501331431142,505.63272266205587,320.089049762179,1398.426183144122
908,573.845203014938,429.1372354920414,343.07529434813216,1399.3773853523974
909,547.5717561448016,569.6438063886194,370.6506689722122,1641.4881917565099
910,487.2931108181335,489.9855970407169,347.2472784036752,1119.0468130337256
911,534.2585518125088,534.2585518125088,367.9168885100625,1484.3487802166721
912,591.659483795348,591.659483795348,376.2365944400026,1253.6877815676762
913,528.1487123144981,500.62049002550367,389.60074952963174,1407.087471706405
914,354.33700422262064,350.15651291894227,266.64838637172386,1294.7142577158943
915,514.4710146054097,514.4710146054097,414.43971506850767,1656.7619237514612
916,351.9664590331071,370.01702034747507,264.98631113262303,630.0273600640534
917,542.465091213113,542.465091213113,297.4752317309561,1670.0855716216943
918,538.7108717601257,538.7108717601257,332.27272237116165,972.142194426535
919,506.86733727276777,503.60543505811637,316.452575271617,1672.560932277624
920,575.1789115084931,575.1789115084931,307.229850003492,984.8739885488371
921,404.94329481050795,342.7560967218669,264.19669609296307,1353.7160615607254
922,476.0902795541707,476.0902795541707,328.28154787560175,1168.9018831031565
923,567.9315794842194,504.4354071828518,292.798788310677,1614.759860488724
924,580.3669888226552,580.3669888226552,320.4890787410753,1476.5736495758406
925,497.8429749714194,497.8429749714194,362.0045624905997,1305.6110211802222
926,619.2917075364039,619.2917075364039,335.26994638754104,1913.7169277752173
927,528.8212049504676,512.7471061342799,361.8492975810459,1035.9345536592887
928,593.0573654308154,623.9131901791603,393.4102845720107,1965.500536534369
929,463.70106925422897,539.310162803021,300.5078608971964,1550.6468379853668
930,535.1393745859513,535.1393745859513,349.3260007338664,1649.7575116279536
931,499.02114507662486,437.6786502688103,322.1617767812903,969.5919574108523
932,451.06659807741534,456.4012286156843,370.50193368352035,952.6104316597957
933,535.6029117600397,535.6029117600397,345.1561760347213,1282.843288669443
934,467.8214884885008,444.21615214338806,343.17889533389496,1259.5083251419871
935,478.09083272316,478.09083272316,353.7244543351588,1162.510505263944
936,507.45290141937403,505.8518028895222,325.6961729441029,1028.7490203554705
937,486.76929800043473,486.76929800043473,305.0069699760396,1373.03829681006
938,555.4733538657682,532.3762663621012,375.8578391829656,1174.6380461636668
939,419.92816337165266,452.3622401263107,319.3556934424148,916.2546251169149
940,497.644813378166,479.9184971515036,364.73295496913323,1377.2596045869593
941,482.23674796424683,482.23674796424683,325.0954762808248,1169.575622481705
942,636.2826883277615,558.96470012317,375.63007437585895,1519.2851300587251
943,521.1671836019896,576.2076438695318,348.7398958654607,1103.9282037250823
944,547.7240861740794,600.3465422295609,345.70751510192883,1613.639861538502
945,585.4516942525303,593.5735718589591,333.0006225589693,1562.3346781495616
946,428.46383635958375,428.46383635958375,309.29137077452356,1358.3602459602866
947,454.5872875854647,443.977929968119,320.3057522401952,1140.0668848770692
948,687.8695158143645,697.9024449461891,377.1976344095431,1757.1352344469587
949,618.1493961595434,437.2710361751608,307.44090238508477,1090.9238964168649
950,528.5504515566921,521.3539305027226,356.3026283109879,1536.5149078109614
951,596.6091990328628,519.1449042146885,368.808006828062,1525.1459075195182
952,545.6056842439016,537.3749308235982,332.1619220991269,1159.685191525715
953,525.6253322637266,591.3680093985594,353.19525878812624,1205.4152657981506
954,529.9931938648526,529.9931938648526,321.7283245186339,1515.23031773803
955,404.77875584148126,404.77875584148126,287.64981862159567,998.5489223342715
956,481.51470792479006,481.51470792479006,334.8055004589672,1338.06385181356
957,539.0143543690327,569.504015052118,389.29512172896034,1309.4480508966794
958,416.36228182628673,413.5613535729462,297.11330959844366,1421.5686765452683
959,444.66428022259237,449.97361222038484,337.0294062176906,1586.0472270809605
960,384.80627434734174,362.1774595770605,310.0407689744436,995.1307854204939
961,456.71333776238686,456.9582233898356,310.560028934175,1594.2736174585218
962,580.8127961403572,580.8127961403572,389.45248124962336,1562.8458158639455
963,504.1021158749466,504.1021158749466,341.1697618377681,986.1173584797989
964,476.4703492538802,476.4703492538802,300.88840073402685,1408.4872983425244
965,403.7922665159877,348.76146566423574,299.0151983156294,1317.5131146405986
966,454.59759324920253,377.5198104841186,255.57086372867678,1301.1814468557113
967,467.64792272076465,409.4495155087825,347.0295160821163,1367.424469090672
968,638.4975182035266,619.7255179756216,323.6043147112746,1211.0575571411362
969,436.5804389488508,561.9390237658199,309.35812562645117,1511.2232392672843
970,410.52237323615174,460.27441996546514,295.1885078140845,1233.0685888571545
971,498.88113495840565,487.97168297867785,332.42415541985827,1508.0188146074072
972,465.0421036050161,443.55521755460995,286.6675714372167,1393.9472867636828
973,411.77162518869574,369.0956492626577,288.7996706857344,1233.8593853289053
974,559.5962492495206,501.2103108544432,377.7737942837091,1209.8623578190914
975,487.4834464874573,481.95027616329196,326.55368621356297,1383.503872595326
976,585.9266148555516,585.9266148555516,352.31769430551964,1530.3030495943458
977,452.9114391231831,452.9114391231831,287.5209526950465,1297.190780284083
978,720.4883716504569,663.7398499088674,392.14510642151436,1957.6772071416924
979,526.3294490728531,536.5929504849048,402.525654893931,1490.9702960868026
980,530.008608235347,492.86183617790664,314.53762689221645,1271.212340206601
981,382.72958825359433,382.72958825359433,305.40062187298264,1709.2397311884224
982,541.1344512279752,543.982099155379,346.7241894705825,1205.615849545271
983,386.07414413428955,386.07414413428955,328.70586794825374,1534.696066549163
984,604.0990824462806,489.6249597659196,353.3674747396907,1387.7427774850119
985,479.5222417689098,506.9397390498478,315.8114128972704,1069.7940280708751
986,486.7948584682911,383.00208896166254,351.1369334144096,1449.2050200306178
987,407.3271315680983,423.0416397810769,260.4942098030724,818.3623677859049
988,464.1667935188099,480.4395100993881,300.7359922403877,1802.385700320097
989,491.53055451771985,491.53055451771985,310.50872837016726,1481.4900854833236
990,575.4809312967658,525.905739050016,322.34368131007335,1297.8365250525658
991,512.0626993540213,538.5566430416053,349.65648795123855,1366.7360006241843
992,399.5262410227791,399.5262410227791,307.88891203573405,1308.0539704552286
993,488.2834147402529,496.4904903289589,307.2784261254692,1589.6460493886552
994,504.51385764879797,338.93635532751574,307.22040263749057,1594.4365154084198
995,415.7442080032156,387.57781802259836,333.6650755330075,1447.2278391450222
996,541.9500110235608,541.9500110235608,304.53938248699944,1626.7125851477851
997,564.2963273810597,491.45841225763235,365.2175241990147,1673.7552186961611
998,556.6726969365101,457.27148495734104,328.5092002723259,1231.5501423429841
999,439.6658543439009,416.26423857224046,355.00025936813273,1344.4290417808845
1000,483.35365377451075,428.0753975755004,292.6512283190337,789.8913099788829
